-- 1. Користувачі (Users)
INSERT INTO users (id, first_name, last_name, phone, email, photo_url, password_hash, role) VALUES
('11111111-1111-1111-1111-111111111111', 'Test', 'Test', '+380000000001', 'user@user.com', NULL, '$2a$12$gYw11aIL6SYfwAgzou5mwuHv4Ho9Cl6x1HGTksdnPCamEZTAcs52i', 'Client'),
('00000000-0000-0000-0000-000000000001', 'Головний', 'Адмін', '+380000000000', 'admin@salon.ua', NULL, 'hash', 'Admin'),
('11111111-1111-0000-0000-000000000001', 'Ганна', 'Коваленко', '+380671112233', 'master@master.com', 'https://offside.kz/cache/imagine/1200/uploads/news/2024/10/25/671ba6ce4a381565102388.jpg.webp', '$2a$12$RNV3nK7IzqhTsKtyi/enzu9/97QlrN76k9Bo7keiE3K.4DqnW2.qC', 'Master'),
('11111111-1111-0000-0000-000000000002', 'Іван', 'Шевченко', '+380504445566', 'ivan@salon.ua', 'https://photopodium.com/webroot/content/mjr/148572.jpg', 'hash', 'Master'),
('11111111-1111-0000-0000-000000000003', 'Марія', 'Бондар', '+380665556677', 'maria@salon.ua', 'https://avatars.mds.yandex.net/get-altay/1500742/2a0000016a2468d6e9f9064a3952f9b2dcaa/orig', 'hash', 'Master'),
('11111111-1111-0000-0000-000000000004', 'Олена', 'Сидоренко', '+380971234455', 'olena.s@salon.ua', 'https://img.freepik.com/free-photo/young-pretty-spa-therapist-pointing_144627-23398.jpg', 'hash', 'Master'),
('11111111-1111-0000-0000-000000000005', 'Дмитро', 'Павленко', '+380981235566', 'dmytro.p@salon.ua', 'https://img.freepik.com/free-photo/portrait-of-confident-young-male-doctor-wearing-white-coat_23-2148747864.jpg', 'hash', 'Master'),
('11111111-1111-0000-0000-000000000006', 'Тетяна', 'Іванова', '+380991236677', 'tetyana.i@salon.ua', 'https://img.freepik.com/free-photo/wellness-concept-young-woman-with-her-spa-specialist_23-2148753267.jpg', 'hash', 'Master'),
('22222222-2222-0000-0000-000000000001', 'Олена', 'Петренко', '+380639998877', 'olena@client.ua', NULL, 'hash', 'Client'),
('22222222-2222-0000-0000-000000000002', 'Дмитро', 'Коваль', '+380678887766', 'dmytro@client.ua', NULL, 'hash', 'Client'),
('22222222-2222-0000-0000-000000000003', 'Тетяна', 'Василенко', '+380507774433', 'tetyana@client.ua', NULL, 'hash', 'Client'),
('22222222-2222-0000-0000-000000000004', 'Сергій', 'Михайленко', '+380931112233', 'sergiy@client.ua', NULL, 'hash', 'Client'),
('00000000-0000-0000-0000-000000000002', 'Олександр', 'Менеджер', '+380991234567', 'admin@admin.com', NULL, '$2a$12$MAlKsy0pU2Rrl4ttR7bx9uFePfdjDW6dfAkSRgFDDxuRN21kB6wLq', 'Admin');

-- 2. Майстри (Masters)
INSERT INTO masters (id, user_id, bio, is_active) VALUES
('33333333-3333-0000-0000-000000000001', '11111111-1111-0000-0000-000000000001', 'Спеціаліст з розслабляючого масажу та SPA. Досвід 5 років.', TRUE),
('33333333-3333-0000-0000-000000000002', '11111111-1111-0000-0000-000000000002', 'Мануальний терапевт, спортивний масаж. Відновлюю після травм.', TRUE),
('33333333-3333-0000-0000-000000000003', '11111111-1111-0000-0000-000000000003', 'Спеціаліст з догляду за обличчям та косметичного масажу.', TRUE),
('33333333-3333-0000-0000-000000000004', '11111111-1111-0000-0000-000000000004', 'Спеціаліст з терапевтичного масажу та корекції фігури.', TRUE),
('33333333-3333-0000-0000-000000000005', '11111111-1111-0000-0000-000000000005', 'Професійний спортивний масаж для швидкого відновлення.', TRUE),
('33333333-3333-0000-0000-000000000006', '11111111-1111-0000-0000-000000000006', 'Фахівець з дитячого масажу та супроводу вагітності.', TRUE);

-- 3. Категорії (Categories)
INSERT INTO categories (id, slug, title, is_active) VALUES
('44444444-4444-0000-0000-000000000001', 'massage', 'Класичний масаж', TRUE),
('44444444-4444-0000-0000-000000000002', 'spa', 'SPA та Релакс', TRUE),
('44444444-4444-0000-0000-000000000003', 'facial', 'Догляд за обличчям', TRUE),
('44444444-4444-0000-0000-000000000004', 'therapeutic', 'Лікувальний масаж', TRUE),
('44444444-4444-0000-0000-000000000005', 'oriental', 'Східні техніки', TRUE),
('44444444-4444-0000-0000-000000000006', 'pregnancy', 'Масаж для вагітних', TRUE),
('44444444-4444-0000-0000-000000000007', 'anti-cellulite', 'Антицелюлітний масаж', TRUE),
('44444444-4444-0000-0000-000000000008', 'kids', 'Дитячий масаж', TRUE);

-- 4. Послуги (Services)
INSERT INTO services (id, category_id, slug, title, description, duration, price, is_active, badge, benefits) VALUES
('55555555-5555-0000-0000-000000000001', '44444444-4444-0000-0000-000000000001', 'masage-spine', 'Масаж спини та шиї', 'Глибоке опрацювання м''язів спини та шийно-комірцевої зони.', 45, 1500.00, TRUE, 'Popular', ARRAY['Знімає напругу та біль', 'Покращує поставу', 'Позбавляє від головного болю']),
('55555555-5555-0000-0000-000000000002', '44444444-4444-0000-0000-000000000001', 'sportive-masage', 'Спортивний масаж (все тіло)', 'Інтенсивний масаж для відновлення м''язів.', 90, 3000.00, TRUE, NULL, ARRAY['Швидке відновлення м''язів', 'Підвищує витривалість', 'Виводить молочну кислоту']),
('55555555-5555-0000-0000-000000000003', '44444444-4444-0000-0000-000000000002', 'aromatherapy', 'Ароматерапія', 'Розслабляючий масаж з використанням ефірних олій.', 60, 2000.00, TRUE, 'Recommended', ARRAY['Глибока релаксація', 'Покращення сну', 'Органічні ефірні олії']),
('55555555-5555-0000-0000-000000000004', '44444444-4444-0000-0000-000000000002', 'stone-massage', 'Масаж гарячими каменями', 'Стоун-терапія для глибокого релаксу.', 90, 3500.00, TRUE, NULL, ARRAY['Зняття стресу', 'Глибоке прогрівання тканин', 'Детоксикація організму']),
('55555555-5555-0000-0000-000000000005', '44444444-4444-0000-0000-000000000002', 'honey-massage', 'Медовий масаж', 'Антицелюлітний та детокс-ефект за допомогою натурального меду.', 60, 2500.00, TRUE, 'New', ARRAY['Антицелюлітна дія', 'Живлення шкіри', 'Прискорює кровообіг']),
('55555555-5555-0000-0000-000000000006', '44444444-4444-0000-0000-000000000003', 'facial-classic', 'Класичний масаж обличчя', 'Ліфтинг та розслаблення м''язів обличчя.', 30, 1200.00, TRUE, NULL, ARRAY['Ефект ліфтингу', 'Здоровий колір обличчя', 'Зменшує набряки']),
('55555555-5555-0000-0000-000000000007', '44444444-4444-0000-0000-000000000004', 'massage-therapeutic', 'Загальнозміцнюючий лікувальний', 'Медичний масаж для поліпшення загального стану організму.', 60, 1800.00, TRUE, NULL, ARRAY['Покращує кровообіг', 'Зміцнює імунітет', 'Усуває застійні явища']),
('55555555-5555-0000-0000-000000000008', '44444444-4444-0000-0000-000000000005', 'massage-thai', 'Тайський традиційний', 'Стародавній метод пасивного розтягування та точкового масажу.', 90, 2500.00, TRUE, NULL, ARRAY['Збільшує гнучкість', 'Відновлює енергію', 'Глибоке розслаблення']),
('55555555-5555-0000-0000-000000000009', '44444444-4444-0000-0000-000000000006', 'massage-pregnancy', 'Масаж для майбутніх мам', 'Бережний масаж для зняття навантаження зі спини та ніг.', 60, 1600.00, TRUE, NULL, ARRAY['Зменшує набряки', 'Покращує емоційний стан', 'Безпечно для малюка']),
('55555555-5555-0000-0000-000000000010', '44444444-4444-0000-0000-000000000007', 'massage-anti-cellulite', 'Антицелюлітний (ручний)', 'Ефективна техніка для корекції фігури та покращення шкіри.', 45, 1400.00, TRUE, NULL, ARRAY['Корекція фігури', 'Покращення лімфодренажу', 'Гладка шкіра']),
('55555555-5555-0000-0000-000000000011', '44444444-4444-0000-0000-000000000008', 'massage-kids', 'Дитячий масаж (до 12 років)', 'Спеціальний масаж для підтримки здорового розвитку дитини.', 30, 900.00, TRUE, NULL, ARRAY['Правильне формування постави', 'Зміцнення м''язів', 'Заспокійливий ефект']);

-- 5. Зв'язок майстрів та послуг (Master Services)
INSERT INTO master_services (master_id, service_id) VALUES
('33333333-3333-0000-0000-000000000001', '55555555-5555-0000-0000-000000000001'),
('33333333-3333-0000-0000-000000000001', '55555555-5555-0000-0000-000000000003'),
('33333333-3333-0000-0000-000000000001', '55555555-5555-0000-0000-000000000004'),
('33333333-3333-0000-0000-000000000001', '55555555-5555-0000-0000-000000000005'),
('33333333-3333-0000-0000-000000000001', '55555555-5555-0000-0000-000000000009'),
('33333333-3333-0000-0000-000000000001', '55555555-5555-0000-0000-000000000011'),
('33333333-3333-0000-0000-000000000002', '55555555-5555-0000-0000-000000000001'),
('33333333-3333-0000-0000-000000000002', '55555555-5555-0000-0000-000000000002'),
('33333333-3333-0000-0000-000000000002', '55555555-5555-0000-0000-000000000007'),
('33333333-3333-0000-0000-000000000002', '55555555-5555-0000-0000-000000000010'),
('33333333-3333-0000-0000-000000000003', '55555555-5555-0000-0000-000000000006'),
('33333333-3333-0000-0000-000000000003', '55555555-5555-0000-0000-000000000001'),
('33333333-3333-0000-0000-000000000003', '55555555-5555-0000-0000-000000000008'),
('33333333-3333-0000-0000-000000000004', '55555555-5555-0000-0000-000000000007'),
('33333333-3333-0000-0000-000000000004', '55555555-5555-0000-0000-000000000010'),
('33333333-3333-0000-0000-000000000005', '55555555-5555-0000-0000-000000000002'),
('33333333-3333-0000-0000-000000000005', '55555555-5555-0000-0000-000000000001'),
('33333333-3333-0000-0000-000000000006', '55555555-5555-0000-0000-000000000011'),
('33333333-3333-0000-0000-000000000006', '55555555-5555-0000-0000-000000000009');

-- 6. Розклади (Schedules)
INSERT INTO schedules (master_id, day_of_week, start_time, end_time) VALUES
('33333333-3333-0000-0000-000000000001', 1, '10:00', '19:00'),
('33333333-3333-0000-0000-000000000001', 3, '10:00', '19:00'),
('33333333-3333-0000-0000-000000000001', 5, '10:00', '19:00'),
('33333333-3333-0000-0000-000000000002', 1, '09:00', '18:00'),
('33333333-3333-0000-0000-000000000002', 2, '12:00', '21:00'),
('33333333-3333-0000-0000-000000000002', 4, '12:00', '21:00'),
('33333333-3333-0000-0000-000000000002', 6, '12:00', '21:00'),
('33333333-3333-0000-0000-000000000003', 1, '10:00', '20:00'),
('33333333-3333-0000-0000-000000000003', 2, '10:00', '20:00'),
('33333333-3333-0000-0000-000000000003', 5, '10:00', '20:00'),
('33333333-3333-0000-0000-000000000004', 2, '09:00', '18:00'),
('33333333-3333-0000-0000-000000000004', 4, '09:00', '18:00'),
('33333333-3333-0000-0000-000000000004', 6, '09:00', '18:00'),
('33333333-3333-0000-0000-000000000005', 1, '10:00', '21:00'),
('33333333-3333-0000-0000-000000000005', 3, '10:00', '21:00'),
('33333333-3333-0000-0000-000000000005', 5, '10:00', '21:00'),
('33333333-3333-0000-0000-000000000006', 2, '10:00', '19:00'),
('33333333-3333-0000-0000-000000000006', 4, '10:00', '19:00'),
('33333333-3333-0000-0000-000000000006', 5, '10:00', '19:00');

-- 7. Бронювання (Appointments) - Орієнтуємося на 2026-04-06
INSERT INTO appointments (id, client_id, master_id, service_id, start_time, end_time, status, actual_price, client_notes) VALUES
-- Ганна (33333333-3333-0000-0000-000000000001)
('66666666-6666-0000-0000-000000000001', '22222222-2222-0000-0000-000000000001', '33333333-3333-0000-0000-000000000001', '55555555-5555-0000-0000-000000000001', '2026-04-06T08:00:00Z', '2026-04-06T08:45:00Z', 'Completed', 1500.00, 'Бажано сильніше опрацювати шию'),
('66666666-6666-0000-0000-000000000002', '22222222-2222-0000-0000-000000000002', '33333333-3333-0000-0000-000000000001', '55555555-5555-0000-0000-000000000003', '2026-04-06T10:00:00Z', '2026-04-06T11:00:00Z', 'Cancelled', 2000.00, NULL),
('66666666-6666-0000-0000-000000000003', '22222222-2222-0000-0000-000000000003', '33333333-3333-0000-0000-000000000001', '55555555-5555-0000-0000-000000000004', '2026-04-06T20:30:00Z', '2026-04-06T22:00:00Z', 'Confirmed', 3500.00, 'Перший раз у вас'),
('66666666-6666-0000-0000-000000000004', '22222222-2222-0000-0000-000000000001', '33333333-3333-0000-0000-000000000001', '55555555-5555-0000-0000-000000000005', '2026-04-06T22:30:00Z', '2026-04-06T23:30:00Z', 'Confirmed', 2500.00, NULL),
-- Іван (33333333-3333-0000-0000-000000000002)
('66666666-6666-0000-0000-000000000005', '22222222-2222-0000-0000-000000000002', '33333333-3333-0000-0000-000000000002', '55555555-5555-0000-0000-000000000002', '2026-04-06T15:00:00Z', '2026-04-06T16:30:00Z', 'NoShow', 3000.00, NULL),
-- Нові записи 2026-04-06
('66666666-6666-0000-0000-000000000010', '22222222-2222-0000-0000-000000000004', '33333333-3333-0000-0000-000000000002', '55555555-5555-0000-0000-000000000007', '2026-04-06T07:00:00Z', '2026-04-06T08:00:00Z', 'Confirmed', 1800.00, 'Синців не боюсь, робіть інтенсивно'),
('66666666-6666-0000-0000-000000000011', '22222222-2222-0000-0000-000000000001', '33333333-3333-0000-0000-000000000003', '55555555-5555-0000-0000-000000000008', '2026-04-06T10:00:00Z', '2026-04-06T11:30:00Z', 'Confirmed', 2500.00, NULL),
('66666666-6666-0000-0000-000000000012', '22222222-2222-0000-0000-000000000002', '33333333-3333-0000-0000-000000000001', '55555555-5555-0000-0000-000000000009', '2026-04-06T12:00:00Z', '2026-04-06T13:00:00Z', 'Confirmed', 1600.00, NULL),
('66666666-6666-0000-0000-000000000013', '22222222-2222-0000-0000-000000000003', '33333333-3333-0000-0000-000000000002', '55555555-5555-0000-0000-000000000010', '2026-04-06T15:00:00Z', '2026-04-06T15:45:00Z', 'Completed', 1400.00, NULL),

-- Нові записи 2026-04-07
('66666666-6666-0000-0000-000000000006', '22222222-2222-0000-0000-000000000003', '33333333-3333-0000-0000-000000000001', '55555555-5555-0000-0000-000000000001', '2026-04-07T11:00:00Z', '2026-04-07T11:45:00Z', 'Confirmed', 1500.00, NULL),
('66666666-6666-0000-0000-000000000020', '22222222-2222-0000-0000-000000000004', '33333333-3333-0000-0000-000000000003', '55555555-5555-0000-0000-000000000006', '2026-04-07T08:00:00Z', '2026-04-07T08:30:00Z', 'Confirmed', 1200.00, NULL),
('66666666-6666-0000-0000-000000000021', '22222222-2222-0000-0000-000000000001', '33333333-3333-0000-0000-000000000002', '55555555-5555-0000-0000-000000000001', '2026-04-07T11:00:00Z', '2026-04-07T11:45:00Z', 'Confirmed', 1500.00, NULL),
('66666666-6666-0000-0000-000000000022', '22222222-2222-0000-0000-000000000002', '33333333-3333-0000-0000-000000000003', '55555555-5555-0000-0000-000000000008', '2026-04-07T13:00:00Z', '2026-04-07T14:30:00Z', 'Completed', 2500.00, NULL),
('66666666-6666-0000-0000-000000000023', '22222222-2222-0000-0000-000000000003', '33333333-3333-0000-0000-000000000002', '55555555-5555-0000-0000-000000000002', '2026-04-07T16:00:00Z', '2026-04-07T17:30:00Z', 'NoShow', 3000.00, NULL),

-- Нові записи 2026-04-08
('66666666-6666-0000-0000-000000000030', '22222222-2222-0000-0000-000000000001', '33333333-3333-0000-0000-000000000001', '55555555-5555-0000-0000-000000000001', '2026-04-08T08:00:00Z', '2026-04-08T08:45:00Z', 'Confirmed', 1500.00, NULL),
('66666666-6666-0000-0000-000000000031', '22222222-2222-0000-0000-000000000002', '33333333-3333-0000-0000-000000000001', '55555555-5555-0000-0000-000000000003', '2026-04-08T09:30:00Z', '2026-04-08T10:30:00Z', 'Confirmed', 2000.00, NULL),
('66666666-6666-0000-0000-000000000032', '22222222-2222-0000-0000-000000000004', '33333333-3333-0000-0000-000000000001', '55555555-5555-0000-0000-000000000011', '2026-04-08T13:00:00Z', '2026-04-08T13:30:00Z', 'Confirmed', 900.00, 'Дитина 6 років, активна'),
('66666666-6666-0000-0000-000000000033', '22222222-2222-0000-0000-000000000003', '33333333-3333-0000-0000-000000000001', '55555555-5555-0000-0000-000000000004', '2026-04-08T14:30:00Z', '2026-04-08T16:00:00Z', 'Confirmed', 3500.00, NULL);
