-- 1. Користувачі (Users)
INSERT INTO users (id, first_name, last_name, phone, email, photo_url, password_hash, role) VALUES
('00000000-0000-0000-0000-000000000001', 'Головний', 'Адмін', '+380000000000', 'admin@salon.ua', NULL, 'hash', 'Admin'),
('11111111-1111-0000-0000-000000000001', 'Ганна', 'Коваленко', '+380671112233', 'hanna@salon.ua', 'https://offside.kz/cache/imagine/1200/uploads/news/2024/10/25/671ba6ce4a381565102388.jpg.webp', 'hash', 'Master'),
('11111111-1111-0000-0000-000000000002', 'Іван', 'Шевченко', '+380504445566', 'ivan@salon.ua', 'https://photopodium.com/webroot/content/mjr/148572.jpg', 'hash', 'Master'),
('22222222-2222-0000-0000-000000000001', 'Олена', 'Петренко', '+380639998877', 'olena@client.ua', NULL, 'hash', 'Client');

-- 2. Майстри (Masters)
INSERT INTO masters (id, user_id, bio, is_active) VALUES
('33333333-3333-0000-0000-000000000001', '11111111-1111-0000-0000-000000000001', 'Спеціаліст з розслабляючого масажу та SPA. Досвід 5 років.', TRUE),
('33333333-3333-0000-0000-000000000002', '11111111-1111-0000-0000-000000000002', 'Мануальний терапевт, спортивний масаж. Відновлюю після травм.', TRUE);

-- 3. Категорії (Categories)
INSERT INTO categories (id, slug, title, is_active) VALUES
('44444444-4444-0000-0000-000000000001', 'classic', 'Класичний масаж', TRUE),
('44444444-4444-0000-0000-000000000002', 'spa', 'SPA та Релакс', TRUE);

-- 4. Послуги (Services)
INSERT INTO services (id, category_id, slug, title, description, duration, price, is_active, badge, benefits) VALUES
('55555555-5555-0000-0000-000000000001', '44444444-4444-0000-0000-000000000001', 'masage-spine', 'Масаж спини та шиї', 'Глибоке опрацювання м''язів спини та шийно-комірцевої зони.', 45, 1500.00, TRUE, 'Popular', ARRAY['Знімає напругу та біль', 'Покращує поставу', 'Позбавляє від головного болю']),
('55555555-5555-0000-0000-000000000002', '44444444-4444-0000-0000-000000000001', 'sportive-masage', 'Спортивний масаж (все тіло)', 'Інтенсивний масаж для відновлення м''язів.', 90, 3000.00, TRUE, NULL, ARRAY['Швидке відновлення м''язів', 'Підвищує витривалість', 'Виводить молочну кислоту']),
('55555555-5555-0000-0000-000000000003', '44444444-4444-0000-0000-000000000002', 'aromatherapy', 'Ароматерапія', 'Розслабляючий масаж з використанням ефірних олій.', 60, 2000.00, TRUE, 'Recommended', ARRAY['Глибока релаксація', 'Покращення сну', 'Органічні ефірні олії']),
('55555555-5555-0000-0000-000000000004', '44444444-4444-0000-0000-000000000002', 'stone-massage', 'Масаж гарячими каменями', 'Стоун-терапія для глибокого релаксу.', 90, 3500.00, TRUE, NULL, ARRAY['Зняття стресу', 'Глибоке прогрівання тканин', 'Детоксикація організму']);

-- 5. Зв'язок майстрів та послуг (Master Services)
INSERT INTO master_services (master_id, service_id) VALUES
('33333333-3333-0000-0000-000000000001', '55555555-5555-0000-0000-000000000001'),
('33333333-3333-0000-0000-000000000001', '55555555-5555-0000-0000-000000000003'),
('33333333-3333-0000-0000-000000000001', '55555555-5555-0000-0000-000000000004'),
('33333333-3333-0000-0000-000000000002', '55555555-5555-0000-0000-000000000001'),
('33333333-3333-0000-0000-000000000002', '55555555-5555-0000-0000-000000000002');

-- 6. Розклади (Schedules)
INSERT INTO schedules (master_id, day_of_week, start_time, end_time) VALUES
('33333333-3333-0000-0000-000000000001', 1, '10:00', '19:00'),
('33333333-3333-0000-0000-000000000001', 3, '10:00', '19:00'),
('33333333-3333-0000-0000-000000000001', 5, '10:00', '19:00'),
('33333333-3333-0000-0000-000000000002', 2, '12:00', '21:00'),
('33333333-3333-0000-0000-000000000002', 4, '12:00', '21:00'),
('33333333-3333-0000-0000-000000000002', 6, '12:00', '21:00');
